Year,Month,State,Ozone,CO,SO2,NO2,PM10,PM2.5
2021,8,Andhra Pradesh,24.099141093369177,0.6442940040860214,9.147025063046597,21.188958172580644,61.243406009319,27.288164748207887
2021,8,Arunachal Pradesh,12.809005023225806,0.2452756083870967,28.931958649032257,5.251877045290322,29.940436575483872,9.535592364516129
2021,8,Assam,23.61955792688172,0.6143637104946236,22.346340883189963,8.260310044186381,103.82910313799285,52.964145
2021,8,Bihar,32.13742020778643,0.9419062378197998,7.22594729788654,27.504957907775307,142.05748729354838,65.72501123354839
2021,8,Chandigarh,40.604998793978496,0.7585854729462366,7.087120449720429,30.90994840344086,91.54873637849462,44.14976225548387
2021,8,Chhattisgarh,17.55797226,0.721384558,10.95072235,33.28609626,58.92661372,42.0941967
2021,8,Delhi,22.40684679208602,0.9527977012946236,7.664494010806451,27.176227930268816,115.46208310967742,40.689989670752695
2021,8,Gujarat,16.27793677898263,0.6377332254491315,11.531296995707198,13.441972474243176,71.32244353870968,37.20854743024814
2021,8,Haryana,27.42536672639551,0.5814688803436184,11.908942469635344,18.029352666367465,105.33106056718093,40.14208287068723
2021,8,Himachal Pradesh,65.11646707,0.596966068,28.65698603,18.75348643,142.547485,58.96892216
2021,8,Jammu and Kashmir,6.166129032258064,0.2638709677419354,6.170576307741935,10.946331329032258,78.28,24.73935483870968
2021,8,Jharkhand,46.68387324,4.986901408,14.86428571,14.24147887,105.8316484,82.60571429
2021,8,Karnataka,19.48552555501152,0.5688074861013824,10.733820161428572,17.400999080529953,45.14365086632488,19.777061668018437
2021,8,Kerala,26.227047047788016,0.978853261281106,15.872058121184333,16.475348161981568,40.83444473990783,22.7643840162212
2021,8,Madhya Pradesh,34.58524553562724,0.717844947888889,14.921247603512544,23.50849383526882,87.36443312921146,34.09964660915771
2021,8,Maharashtra,23.915560101573803,0.9113310701246334,15.998668786041057,23.595735268450635,86.48353634838709,36.59799730770283
2021,8,Meghalaya ,7.780898876,0.541333333,8.514944444,14.25653631,39.85819355,19.3056051
2021,8,Nagaland,8.84451612903226,0.282258064516129,27.184838709677415,2.660322580645161,44.108387096774194,17.09935483870968
2021,8,Odisha,38.92412002,0.606495381,8.730087159,19.03920359,134.1505236,60.51482899
2021,8,Puducherry,38.9458064516129,0.6006451612903226,8.61516129032258,9.58774193548387,36.52612903225806,12.482903225806451
2021,8,Punjab,24.5747311827957,0.6681182795698924,8.808494623655914,13.532682662956988,75.43322580645162,35.53693548387097
2021,8,Rajasthan,39.090802269330645,0.7293636367935483,9.87984459935242,25.86898288846774,106.81472279185483,44.46340741493548
2021,8,Sikkim,25.74752665,0.29336887,17.75347548,3.02042735,32.14306878,16.2701737
2021,8,Tamil Nadu,16.390321844596773,0.8804516252459678,13.864840431330649,14.477916018407257,59.1080508403629,25.401666132076613
2021,8,Telangana,16.493864301290323,0.6012442669677419,8.442456554645162,17.028339564946236,67.69180630895161,29.859702115134407
2021,8,Tripura,16.43284569,0.881322645,30.93310621,12.54981964,110.2892647,65.51108932
2021,8,Uttar Pradesh,24.37381259110599,0.774693445690586,10.553955687544438,17.685970879493087,95.81229733548388,35.96606744142857
2021,8,Uttarakhand,18.6948,0.79012987,3.162631579,18.22220779,75.58415584000001,30.91714286
2021,8,West Bengal,26.030732967344917,0.5550805886650124,7.774265255980149,17.079263406327545,53.85777566104218,26.686917797866005
2021,9,Andhra Pradesh,23.947042672703702,0.6425849020888889,9.16202291197778,21.48139898477778,60.86203995985185,26.65514572537037
2021,9,Arunachal Pradesh,12.131610381333331,0.260902924,29.978381208,6.0445458936000005,44.22556892266667,13.214446042666667
2021,9,Assam,23.20179534814815,0.6404527278518518,24.324190636666668,8.26997083525926,106.38803133148149,53.51856108518518
2021,9,Bihar,34.393286947586205,1.0003470036666668,7.77013615154023,29.008059486551726,147.58370844712644,68.79371428206896
2021,9,Chandigarh,32.776989702222224,0.7691337868888889,7.155316683555555,26.18427038444445,63.57665262222223,30.95862860888889
2021,9,Chhattisgarh,17.55797226,0.721384558,10.95072235,33.28609626,58.926613720000006,42.0941967
2021,9,Delhi,23.28110595502222,1.0506687357822222,8.525241842255555,24.939097356166663,84.39333666166668,32.91127865288889
2021,9,Gujarat,17.10533858817949,0.6792164486564103,9.009212716589744,11.508114922256407,50.18507692307693,26.45976923076923
2021,9,Haryana,27.03693788746377,0.6168353848985507,8.20381273142029,19.039807946478263,75.81074754884057,30.075671400072466
2021,9,Himachal Pradesh,65.11646707,0.596966068,28.65698603,18.75348643,142.547485,58.96892216
2021,9,Jammu and Kashmir,5.395879936833333,0.3813333333333333,14.918,11.968559322666668,147.47667534966666,25.951
2021,9,Jharkhand,46.68387324,4.986901408,14.86428571,14.24147887,105.8316484,82.60571429
2021,9,Karnataka,20.076251038392854,0.5949210398190476,10.16128423140476,15.43471474625,45.69964641228572,19.55293129457143
2021,9,Kerala,27.16765913685714,0.9285152869714286,9.520184839980953,18.02520984857143,43.65488397952381,22.20543702552381
2021,9,Madhya Pradesh,34.16554302666666,0.7233264293703704,15.394917257037037,23.39069276,80.35310453,31.494401089444445
2021,9,Maharashtra,24.302593630666664,0.943485762708586,16.832962665656567,24.025992100631317,88.59642482757575,36.43631545063636
2021,9,Meghalaya ,7.780898876,0.541333333,8.514944444,14.25653631,39.85819355,19.3056051
2021,9,Nagaland,8.859666666666667,0.2966666666666667,28.799333333333333,2.6626666666666665,39.92633333333333,12.724666666666668
2021,9,Odisha,38.92412002,0.606495381,8.730087159,19.03920359,134.1505236,60.51482899
2021,9,Puducherry,47.578,0.594,8.821333333333333,7.010000000000001,36.93966666666667,14.409666666666668
2021,9,Punjab,22.95727777777778,0.6376111111111111,8.828888888888889,13.836944444444445,56.26305555555556,27.38022222222222
2021,9,Rajasthan,38.662026475725,0.7390544232883333,9.7526631540725,25.64034390891667,101.91776827075,42.437331812433335
2021,9,Sikkim,25.74752665,0.29336887,17.75347548,3.02042735,32.14306878,16.2701737
2021,9,Tamil Nadu,16.542217399041665,0.852328641375,14.159396324166666,14.534405271458333,59.42591462233334,25.448231992291667
2021,9,Telangana,16.13721818838889,0.5658153437444444,8.57740870156111,16.3765056115,64.05761935880557,29.07877007080556
2021,9,Tripura,16.43284569,0.8813226449999999,30.93310621,12.54981964,110.2892647,65.51108932
2021,9,Uttar Pradesh,23.40550623072789,0.7259418016666667,11.140772169217689,17.862340004251703,73.6277207459864,31.749441452809524
2021,9,Uttarakhand,18.6948,0.79012987,3.162631579,18.22220779,75.58415584,30.91714286
2021,9,West Bengal,24.258374051102567,0.6117114800820512,7.820742177128205,17.49673462179487,46.36594149435897,21.25338925335897
2021,10,Andhra Pradesh,26.193657222401438,0.6561578033691756,8.896344059462367,21.29673595035842,72.15616586594982,34.59845148655914
2021,10,Arunachal Pradesh,36.64833262709678,0.304422184516129,31.99714310451613,6.102786348645162,54.41313121548387,18.723980041290325
2021,10,Assam,23.28398966021505,0.6752815764014336,25.585115222293908,8.378050236616488,113.41398747670252,56.86566385125448
2021,10,Bihar,33.828711245561735,1.0637615383348165,7.894475114500556,30.501431010467183,160.41529280011125,74.619629743693
2021,10,Chandigarh,44.20793952301075,0.8726857582150538,8.435062203268817,32.229008735698926,94.90151642150538,45.66765369849463
2021,10,Chhattisgarh,17.55797226,0.721384558,10.95072235,33.28609626,58.92661372,42.0941967
2021,10,Delhi,29.491612903225807,1.2699414909806452,9.173881720430106,40.79512264419355,190.114636555914,76.87518364258065
2021,10,Gujarat,21.661515732977666,0.8765417326054591,15.128396654218362,16.237799414292805,105.8676997853598,52.57304668399504
2021,10,Haryana,32.28168623479663,0.7462616770757362,9.812062444768584,22.6093666916129,146.74537478948108,69.09388600652173
2021,10,Himachal Pradesh,65.11646707,0.596966068,28.65698603,18.75348643,142.547485,58.96892216
2021,10,Jammu and Kashmir,12.016485756612903,0.8496774193548388,14.367096774193548,14.240645161290322,59.130645161290325,20.175483870967746
2021,10,Jharkhand,46.68387324,4.986901408,14.86428571,14.24147887,105.8316484,82.60571429
2021,10,Karnataka,26.38183719153226,0.6658849806912444,11.292610170276498,17.65057176313364,58.412304482615205,26.40772135889401
2021,10,Kerala,23.267798094147462,0.8923633228387097,5.914484154308756,20.948323837788017,44.465464423778805,21.776205795391707
2021,10,Madhya Pradesh,43.87114159297491,0.8775223672437276,18.103201008530466,30.5510386381362,122.12948689265232,46.782997863638
2021,10,Maharashtra,26.993180485288367,0.9924331564692084,16.519255206001958,26.209642212038123,103.6053773718475,44.004361256324536
2021,10,Meghalaya ,7.780898876,0.541333333,8.514944444,14.25653631,39.85819355,19.3056051
2021,10,Nagaland,9.061935483870968,0.3412903225806452,29.538387096774198,2.669032258064516,49.35870967741936,19.712903225806453
2021,10,Odisha,38.92412002,0.606495381,8.730087159,19.03920359,134.1505236,60.51482899
2021,10,Puducherry,36.79419354838709,0.7319354838709677,8.564193548387097,10.45032258064516,35.251612903225805,17.905483870967743
2021,10,Punjab,27.85032258064516,0.7910752688172044,10.23241935483871,20.545902960322582,117.70037634408602,55.79048387096775
2021,10,Rajasthan,40.55976194675,0.7779482701016128,9.798554276771776,28.84220869491936,112.23676311443548,47.83132676977419
2021,10,Sikkim,25.74752665,0.29336887,17.75347548,3.02042735,32.14306878,16.2701737
2021,10,Tamil Nadu,16.879122819153228,0.8713110169032258,13.83396580108871,14.369022482701611,59.12184605745968,27.03268435181452
2021,10,Telangana,19.451805547392475,0.6496307755376344,8.350464355510752,19.32108176747312,85.05956055779569,39.738132170698925
2021,10,Tripura,16.43284569,0.881322645,30.93310621,12.54981964,110.2892647,65.51108932
2021,10,Uttar Pradesh,29.46106193959842,0.9790922950961158,13.44457976406188,26.528529599440425,146.1757156044108,65.69499678376563
2021,10,Uttarakhand,18.6948,0.79012987,3.162631579,18.22220779,75.58415584000001,30.91714286
2021,10,West Bengal,30.099090204392063,0.7923794723970224,9.40543014203474,21.113953599255584,91.99903610024812,47.14747347099256
2021,11,Andhra Pradesh,32.2861972462963,0.6612139562962963,10.38946472851852,19.496482664814817,67.35574651111111,35.728690435185186
2021,11,Arunachal Pradesh,66.88717260766667,0.3366233918333333,34.478708557,8.0034776569,63.97070614066667,18.196556954
2021,11,Assam,22.99409164444444,0.7310453204444444,18.449449895925923,8.214637501925926,124.93954461111112,63.90442686111111
2021,11,Bihar,37.03050914395402,1.23440494805977,7.490280169342529,37.63521140947127,217.3527620913793,106.30725646756322
2021,11,Chandigarh,42.01665636888889,1.0848004535555555,8.249427794666667,40.88415927333333,113.31954151111113,56.45918416444445
2021,11,Chhattisgarh,17.55797226,0.7189495171777779,11.258950278194444,32.99154412088889,59.53317104044444,41.802059541944445
2021,11,Delhi,30.03688453173333,2.208070422131111,12.095057524466668,68.83534565405556,392.82015777444445,247.419634646
2021,11,Gujarat,23.73489364597436,0.9533866954666668,17.926956306333334,17.598182457641027,128.92828322897435,66.79212438735898
2021,11,Haryana,28.36448529991305,1.469866967811594,10.746942597594204,32.225185599855074,276.01173196710147,156.58593306536233
2021,11,Himachal Pradesh,65.11646707,0.596966068,28.65698603,18.75348643,142.547485,58.96892216
2021,11,Jammu and Kashmir,8.135466035,0.6623333333333333,13.563333333333333,16.551666666666666,110.56133333333334,24.738666666666667
2021,11,Jharkhand,46.68387324,4.986901408,14.86428571,14.24147887,105.8316484,82.60571429
2021,11,Karnataka,24.80065785535714,0.6860323128952381,11.83257304345238,18.162063233392857,57.83055577252381,28.82525675009524
2021,11,Kerala,18.58140265866667,0.7724591453714285,6.989083965676191,21.873133982857144,51.12043462571428,25.05639786057143
2021,11,Madhya Pradesh,49.22441339703703,1.0763006140592593,21.572565405185188,37.836044611851854,159.4067718388889,72.65532701537037
2021,11,Maharashtra,28.07784995809091,1.029593366268687,17.16202248917172,29.571722519277778,114.09350581858584,51.7344162310303
2021,11,Meghalaya ,7.780898876,0.541333333,8.514944444,14.25653631,39.85819355,19.3056051
2021,11,Nagaland,9.085666666666668,0.3886666666666666,30.269,2.661,71.62433333333334,29.300666666666665
2021,11,Odisha,38.92412002,0.606495381,8.730087159,19.03920359,134.1505236,60.51482899
2021,11,Puducherry,33.555,0.716,8.746,12.079333333333333,30.89633333333333,20.790333333333333
2021,11,Punjab,26.053043198666668,1.1644059378222222,12.818637105111112,38.23424362144445,196.53028205444448,99.1254416448889
2021,11,Rajasthan,41.40062028008333,0.8618391303166667,10.172596487405832,33.184190684166666,124.8102453725,56.31311467300001
2021,11,Sikkim,25.74752665,0.29336887,17.75347548,3.02042735,32.14306878,16.2701737
2021,11,Tamil Nadu,15.089956392,0.8883056820541667,14.561888594916669,15.1729840879375,53.97067953979167,26.45986741752084
2021,11,Telangana,19.415774695555555,0.6604270626666666,7.9604117517777775,18.40438102541667,83.19276296222222,39.60676489111111
2021,11,Tripura,16.43284569,0.8813226449999999,30.93310621,12.54981964,110.2892647,65.51108932
2021,11,Uttar Pradesh,29.55647160415646,1.6237920067619047,15.13140260365306,44.57282527170068,248.7573880557823,144.8902478882585
2021,11,Uttarakhand,18.6948,0.79012987,3.162631579,18.22220779,75.58415584,30.91714286
2021,11,West Bengal,39.69235150920513,0.985132697846154,14.176743589743593,31.877324744230773,169.27028665564103,83.42785624684616
2021,12,Andhra Pradesh,36.3513991578853,0.6828603123297491,10.5686379662724,22.78333093243728,83.62147052544803,45.9740428844086
2021,12,Arunachal Pradesh,67.79815771935485,0.3869507640322581,34.810374702258066,8.940594319645163,70.77977261741935,22.01709851419355
2021,12,Assam,22.53916595268817,0.8075256071827956,17.16815479437276,8.129697239082438,130.6704908476703,68.86096851075268
2021,12,Bihar,32.63104882460512,1.2383579503248054,6.866019458562848,45.493545766184646,243.1743750256952,129.2231536164405
2021,12,Chandigarh,30.19009006064516,1.2199975861720431,8.531406289290322,50.982449595913984,131.20893577634408,70.03335262322581
2021,12,Chhattisgarh,17.55797226,0.7135578463333334,11.614055076344084,32.42943951204301,58.89596372569893,40.27138513817204
2021,12,Delhi,21.94253264464516,1.9418487215268816,11.01479760432258,59.75484232182795,328.0257962032258,214.2560322580645
2021,12,Gujarat,18.17676105032258,0.986349453975186,20.315302494863523,27.89371643007444,122.64427178908188,64.92150133225806
2021,12,Haryana,23.688509717349227,1.2952441849859746,8.961914721136045,33.05581911914446,213.3542517159888,117.8641050596774
2021,12,Himachal Pradesh,65.11646707,0.596966068,28.65698603,18.75348643,142.547485,58.96892216
2021,12,Jammu and Kashmir,6.465750395,0.5385703930645162,13.966440769354838,11.298454529032258,100.92649362741936,26.37999344516129
2021,12,Jharkhand,46.68387324,4.986901408,14.86428571,14.24147887,105.8316484,82.60571429
2021,12,Karnataka,26.78896882920507,0.6587320135115207,10.70673446062212,20.812856019470047,76.51541972956221,39.11896990525346
2021,12,Kerala,24.523005894746543,0.8430385620368663,11.015248001824885,22.692000314285718,77.19389174451612,40.50134867760369
2021,12,Madhya Pradesh,46.76834589405018,0.9776103414336916,19.86648847498208,35.071450824516134,150.97520373853047,71.40188675252688
2021,12,Maharashtra,28.83783169257087,1.08754024014174,19.275520549872923,30.175486161715543,124.77303387614856,57.25469164863148
2021,12,Meghalaya ,7.780898876,0.541333333,8.514944444,14.25653631,39.85819355,19.3056051
2021,12,Nagaland,8.839677419354837,0.4545161290322581,31.13064516129032,2.6287096774193546,74.43369814,33.45975415677419
2021,12,Odisha,38.92412002,0.606495381,8.730087159,19.03920359,134.1505236,60.51482899
2021,12,Puducherry,46.402580645161294,0.6951612903225807,9.066129032258065,15.667741935483871,62.72451612903226,36.80064516129032
2021,12,Punjab,24.04520309548387,1.1496939183225807,14.653143435053764,24.01555834333333,166.4755417731183,83.60096503268818
2021,12,Rajasthan,41.41934259191129,0.8146660120370968,9.901368792900808,30.328507082016127,119.47849698540324,52.70675418912903
2021,12,Sikkim,25.74752665,0.29336887,17.75347548,3.02042735,32.14306878,16.2701737
2021,12,Tamil Nadu,18.540598774919356,0.8396646491209678,14.96857151669355,15.52142845407258,63.87818923052419,31.172180253266127
2021,12,Telangana,20.36569225827957,0.6896851271827956,8.261193113784946,21.10175354344086,95.8300649335484,46.54737421010752
2021,12,Tripura,16.43284569,0.881322645,30.93310621,12.54981964,110.2892647,65.51108932
2021,12,Uttar Pradesh,23.46824763087557,1.4141738735450955,13.994483304048718,38.5380907339368,188.0452816961817,106.29978265691244
2021,12,Uttarakhand,18.6948,0.79012987,3.162631579,18.22220779,75.58415584000001,30.91714286
2021,12,West Bengal,29.876198022729525,1.1782001301439209,15.842923938560794,38.65114950682382,193.2736858240695,93.55939390838712
2022,1,Andhra Pradesh,35.34107450451613,0.6805305632258064,10.17315409530466,21.989567491577063,83.12544902007168,43.20470349175627
2022,1,Arunachal Pradesh,52.344488894193546,0.5181788341935484,39.970668326451616,10.12607059367742,82.68204947870969,30.153441633548383
2022,1,Assam,22.80094764731183,0.8350166466093191,16.88184655064516,8.031525196071685,134.65823278315412,73.34359173566308
2022,1,Bihar,30.894604407786428,1.3447886619377083,4.89438104959288,41.37816255975528,220.79326744304785,130.26095298567296
2022,1,Chandigarh,30.91902229247312,0.9931402238709678,8.09536023139785,30.394240156989248,117.51891113978496,69.90469435268817
2022,1,Chhattisgarh,17.55797226,0.7070487480591399,11.315272520967742,32.716936205806455,58.06455720032258,40.25895714569892
2022,1,Delhi,19.646842575483877,1.4637196892688171,8.819396010913978,42.27580974602151,252.0258879182796,163.4801737367742
2022,1,Gujarat,15.580634935732007,0.8326948819851117,18.39501207171216,21.614528861439204,120.82303109429282,64.41594178806452
2022,1,Haryana,20.69281546769986,0.9258472705399718,9.43436913908836,27.676449440561008,156.78732324474055,91.41481422636748
2022,1,Himachal Pradesh,65.11646707,0.596966068,28.65698603,18.75348643,142.547485,58.96892216
2022,1,Jammu and Kashmir,6.890645161290324,0.2902185058387097,11.526451612903225,4.3025806451612905,196.81483870967745,27.348709677419357
2022,1,Jharkhand,46.68387324,4.986901408,14.86428571,14.24147887,105.8316484,82.60571429
2022,1,Karnataka,27.89853644498848,0.6210631994423963,11.125024604262672,19.261842719642857,75.51755474468894,34.15659663336405
2022,1,Kerala,25.896646447741936,0.8379180196497696,12.240373366336405,20.01052565990783,73.65547934156682,37.39097796866359
2022,1,Madhya Pradesh,43.13799542129033,0.8992786396451613,19.0246884637276,31.41137913992832,134.25837578154122,63.30959284571685
2022,1,Maharashtra,29.925643329990223,1.0480870781260998,19.39269875372434,29.00120916391984,125.58043619120234,52.52073370729228
2022,1,Meghalaya ,7.780898876,0.541333333,8.514944444,14.25653631,39.85819355,19.3056051
2022,1,Nagaland,9.759354838709678,0.4690322580645161,32.19838709677419,2.610967741935484,80.85032258064517,41.87451612903225
2022,1,Odisha,38.92412002,0.606495381,8.730087159,19.03920359,134.1505236,60.51482899
2022,1,Puducherry,32.038325864193546,0.565483870967742,9.550645161290324,10.992903225806453,52.71612903225807,29.29096774193548
2022,1,Punjab,19.31578653741936,0.7944086021505375,10.866989247311828,18.86010752688172,111.2683870967742,53.113010752688176
2022,1,Rajasthan,40.180300200596776,0.7931646826548386,10.054827435866128,28.97126020274193,117.7432126933871,51.12825464664516
2022,1,Sikkim,25.74752665,0.29336887,17.75347548,3.02042735,32.14306878,16.2701737
2022,1,Tamil Nadu,17.384085156935484,0.872325253641129,15.696016019435485,14.298157953891128,58.22250470082661,27.57868227768145
2022,1,Telangana,19.68496645182796,0.6428034067526881,7.996166232064516,19.30436107032258,88.9189422782258,42.40669136244623
2022,1,Tripura,16.43284569,0.881322645,30.93310621,12.54981964,110.2892647,65.51108932
2022,1,Uttar Pradesh,20.110831271079658,1.154643956903226,12.74177128770902,27.08621670760369,155.99292683522054,88.91591761204083
2022,1,Uttarakhand,18.6948,0.79012987,3.162631579,18.22220779,75.58415584000001,30.91714286
2022,1,West Bengal,30.097728712828783,1.1018869802084368,15.602219580148882,34.301921549007446,183.6293154300248,92.94173539131512
2022,2,Andhra Pradesh,33.15848595678571,0.626973421063492,9.582195825785714,23.39844484257937,81.0900143184127,40.093125525595234
2022,2,Arunachal Pradesh,18.636643661071428,0.3599536341071429,39.93468773964286,9.84444034667857,72.53611372214286,30.291668165
2022,2,Assam,22.920655136507936,0.7546723045714285,16.422555716031745,8.20196554425397,128.19768746825395,67.91455479960317
2022,2,Bihar,39.595172351231525,1.05425758169335,6.591244224157636,39.177954149679806,194.8009137657636,102.3712509629064
2022,2,Chandigarh,42.4775,0.8760714285714286,10.539880952380951,34.87702380952381,118.98571428571428,64.14214285714286
2022,2,Chhattisgarh,17.55797226,0.7077572734047619,11.402543603720238,32.33801200333333,58.363562576666666,40.1429838797619
2022,2,Delhi,29.835210473333333,1.370802052866667,10.037662521583334,47.767992335059525,226.3431866940476,114.43648879845236
2022,2,Gujarat,17.07294036041209,0.8021121701978022,20.467427309505496,28.18056269142857,146.9026682,73.43358410546703
2022,2,Haryana,28.10780819131988,0.8061252655046584,9.299157077437888,27.56765968389752,151.37426601164597,76.17337490628881
2022,2,Himachal Pradesh,65.11646707,0.5969660679999998,28.65698603,18.75348643,142.547485,58.96892216
2022,2,Jammu and Kashmir,7.833214285714285,0.2701169459999999,6.128214285714286,2.99,161.5507142857143,27.915
2022,2,Jharkhand,46.68387323999999,4.986901408,14.86428571,14.24147887,105.83164840000002,82.60571429
2022,2,Karnataka,29.93942447512755,0.6907270407857142,11.131296633596936,21.90389313156888,79.41558239803571,35.17144170765306
2022,2,Kerala,23.24042738617347,0.8529978480918368,5.785900250959184,18.531421875255106,71.1903413627551,41.84507592979592
2022,2,Madhya Pradesh,47.36461235188492,0.8892338367777778,20.38385641047619,35.62002609333334,138.58383533095238,55.0892939465873
2022,2,Maharashtra,31.216085939080084,1.0788681331650432,19.07762443383117,29.48671142770021,122.51061773495672,51.15864379399351
2022,2,Meghalaya ,7.780898876,0.541333333,8.514944444,14.25653631,39.85819355,19.3056051
2022,2,Nagaland,11.955096903214285,0.4698721278571428,33.523964028928575,2.6225346594285712,90.44802294071428,44.854776064642856
2022,2,Odisha,38.92412002,0.606495381,8.730087159,19.03920359,134.1505236,60.51482899
2022,2,Puducherry,31.71343584214286,0.545,11.196428571428571,13.383928571428571,59.54607142857143,28.501785714285717
2022,2,Punjab,24.230751761666667,0.7754761904761904,11.834880952380953,22.76422619047619,119.90720238095238,47.33571428571428
2022,2,Rajasthan,41.61804308026785,0.7694709918339285,10.108460101529465,29.36809175830357,118.32176633491072,49.464020536678575
2022,2,Sikkim,25.74752665,0.29336887,17.75347548,3.02042735,32.14306878,16.2701737
2022,2,Tamil Nadu,22.02992421504464,0.8667190378705357,15.1809884275,14.388070023995535,60.36284121921875,28.14262573109375
2022,2,Telangana,23.88280043416667,0.6485123953511904,8.613007048056549,19.677340104434524,92.38008704455358,41.69106432169643
2022,2,Tripura,16.43284569,0.881322645,30.93310621,12.54981964,110.2892647,65.51108932
2022,2,Uttar Pradesh,27.8141701269898,1.0004422611603498,13.97668581456997,29.43528661530612,141.96944660765303,68.50381707151604
2022,2,Uttarakhand,18.694800000000004,0.79012987,3.162631579,18.22220779,75.58415584,30.917142859999995
2022,2,West Bengal,32.15017072447802,0.9271753507252748,17.34460024945055,34.26307962980769,164.2890328489011,74.50692454453298
2022,3,Andhra Pradesh,29.286775501971327,0.6469821761290322,9.95394262577061,23.591216237096774,81.92867482652329,38.6898493360215
2022,3,Arunachal Pradesh,17.239724020967742,0.5110299943548386,45.49583540806452,11.994523725967742,135.06578765483872,46.19139881612904
2022,3,Assam,25.735554010035845,0.7920417362150538,17.94636267967742,8.145109425462367,143.3443259731183,72.7605809829749
2022,3,Bihar,44.90611785228031,0.9874476152847608,7.938967648106786,43.0152490258732,216.62623750077864,97.7697179022692
2022,3,Chandigarh,52.18688172043011,0.8319354838709678,13.6447311827957,33.206881720430104,132.01860215053762,61.2147311827957
2022,3,Chhattisgarh,17.55797226,0.7135458523333333,11.52527252096774,32.717285668172046,59.16943971655913,40.686618436021504
2022,3,Delhi,34.812984257548386,1.335788950976344,15.80980774416129,46.77732641016129,242.12033276397847,103.3361941835484
2022,3,Gujarat,14.062371185880894,0.8545697827890819,23.750364529602976,25.932081153647644,138.465881273201,69.66567129828785
2022,3,Haryana,31.98314445903226,0.8540687115497897,11.617449239551194,22.289937381991585,166.90248769663393,75.21913169179523
2022,3,Himachal Pradesh,42.6362797,0.6386987316129031,19.35547936451613,20.60789884838709,168.1785435483871,66.72610392258063
2022,3,Jammu and Kashmir,10.43451612903226,0.1423196812258064,15.120358903548386,11.054734828387096,43.501612903225805,16.822580645161292
2022,3,Jharkhand,46.68387324,4.986901408,14.86428571,14.24147887,105.8316484,82.60571429
2022,3,Karnataka,30.112982887096777,0.7603980531981567,11.82859258764977,22.191576692569125,83.29674461435484,37.14567791437788
2022,3,Kerala,23.48776294156682,0.9052097956682028,4.23602595756682,17.096304776036867,70.26359513483871,40.2490947037788
2022,3,Madhya Pradesh,47.92886062182796,0.9153289259032258,20.78137305154122,36.16329915322581,149.09040087114695,51.87290825790323
2022,3,Maharashtra,31.6888935743695,1.0702081307883675,18.98085137260997,30.54866273185728,124.9854155408602,51.847847221505376
2022,3,Meghalaya ,7.780898876,0.541333333,8.514944444,14.25653631,39.85819355,19.3056051
2022,3,Nagaland,15.213575908387098,0.5208283329032257,36.15754745935484,2.6681897372903225,114.73117494838708,43.5824882767742
2022,3,Odisha,38.92412002,0.606495381,8.730087159,19.03920359,134.1505236,60.51482899
2022,3,Puducherry,34.15129032258065,0.5209677419354838,12.907741935483871,10.53483870967742,66.50258064516129,30.97258064516129
2022,3,Punjab,34.3622321711828,0.8046236559139784,10.842204301075268,19.633440860215053,124.18849462365591,49.210806451612896
2022,3,Rajasthan,41.93162071250806,0.7645827081112904,10.291084465928224,30.05231171056452,118.06378324008064,49.78641639448387
2022,3,Sikkim,25.74752665,0.29336887,17.75347548,3.02042735,32.14306878,16.2701737
2022,3,Tamil Nadu,20.359024673064518,0.8706685988225806,14.107328996612903,14.335248662479838,61.37972816780242,28.474327488689514
2022,3,Telangana,24.05845739182796,0.672507707827957,9.07971461916129,20.61586644666667,95.2942853636559,42.825519371397846
2022,3,Tripura,11.755709482903226,0.990232076935484,19.863883249354835,14.74766630064516,124.50001422903226,73.49013423096774
2022,3,Uttar Pradesh,33.548943368472685,1.0530717170427912,17.418671223383804,32.279844132817644,168.10427928505595,67.52237782324556
2022,3,Uttarakhand,18.6948,0.79012987,3.162631579,18.22220779,75.58415584000001,30.91714286
2022,3,West Bengal,39.36638631039703,0.7012592487146402,17.69694652377171,30.228395042183624,163.86008273970222,70.79625310173697
2022,4,Andhra Pradesh,25.581715764814817,0.6254361785185185,9.304897703251852,19.92144562777778,63.72626502962963,27.583357101851853
2022,4,Arunachal Pradesh,17.710297060333335,0.3185157895,39.436399161,8.8477506037,46.091667294,24.34489088666667
2022,4,Assam,26.15738794074074,0.6694897648888889,15.58426471074074,7.741822687111112,108.5038409074074,54.87905649074074
2022,4,Bihar,41.43616202809195,0.9442333324413792,7.550124850317241,40.29868899314943,210.4216172057471,79.17541824988506
2022,4,Chandigarh,61.91066666666666,0.8506666666666667,17.17666666666667,47.859371975777776,152.9983333333333,58.04411111111112
2022,4,Chhattisgarh,17.55797226,0.7126448174388889,11.217249814166667,32.73159224916667,58.926613720000006,40.87221801277777
2022,4,Delhi,42.41712817724444,1.4064,20.856121588944443,54.88133454294445,307.8957216338889,113.15950043755556
2022,4,Gujarat,15.024806903128203,0.771800432,20.789262266589745,21.462159562871797,118.0050681623077,60.4358683555641
2022,4,Haryana,34.495081571,0.8447460379927536,17.647946956927537,28.301203081,214.90529550855075,88.70627163528985
2022,4,Himachal Pradesh,48.484,0.5983333333333333,11.253333333333334,19.21633333333333,182.6843333333333,59.53366666666667
2022,4,Jammu and Kashmir,7.1080000000000005,0.0840363832,16.46393277,18.69333333333333,32.91166666666667,14.597666666666669
2022,4,Jharkhand,46.68387324,4.986901408,14.86428571,14.24147887,105.8316484,82.60571429
2022,4,Karnataka,28.47059790595238,0.7239518950142857,12.54835397302381,17.86287547,71.9326839250119,33.28169288095238
2022,4,Kerala,24.02734042157143,0.8863779426761904,4.915274441866666,15.894021996904762,57.17175185704762,33.11197140266667
2022,4,Madhya Pradesh,49.60755896935185,0.9516732234333334,20.25318027814815,38.71920668742593,160.56579418425926,57.79100455453703
2022,4,Maharashtra,29.352383923434346,0.985153642780808,17.930798589454547,27.114983779585856,112.27254588373737,45.218069545434346
2022,4,Meghalaya ,22.9788426964,0.5417555553666666,6.782468518266667,15.427037242333334,57.76191613,28.31217622333333
2022,4,Nagaland,14.309180886,0.366427972,36.944732854,2.680398030933333,95.26110705666666,37.745621635
2022,4,Odisha,38.92412002,0.606495381,8.730087159,19.03920359,134.1505236,60.51482899
2022,4,Puducherry,17.722666666666665,0.6666666666666666,12.856333333333334,5.431666666666667,28.472,10.476
2022,4,Punjab,34.36977777777778,0.8470000000000001,15.808809887888888,27.67727208505556,148.29350000000002,62.50822222222222
2022,4,Rajasthan,42.73778480905833,0.782721089955,10.365279820739168,31.458527242250003,121.67806827075,51.234456812433336
2022,4,Sikkim,56.32200710666667,0.3412316986666666,8.120926794666666,7.926113959999999,31.54953439,14.064765096666669
2022,4,Tamil Nadu,16.478917869166665,0.8695090547500001,14.362397612375,13.571401769583332,52.29506439958333,24.13705500314584
2022,4,Telangana,25.17918755577778,0.6415937293333333,8.476883974,19.997866446666663,88.66281851777778,38.82193700594445
2022,4,Tripura,7.071666666666667,0.5783333333333334,8.850999999999999,8.1,65.57300000000001,24.83833333333333
2022,4,Uttar Pradesh,38.99760111972789,1.1145699219346938,21.12019339242177,35.778351385,197.44092705204085,66.84934865557823
2022,4,Uttarakhand,18.6948,0.79012987,3.162631579,18.22220779,75.58415584,30.91714286
2022,4,West Bengal,39.533364471051286,0.5413012236717949,11.933203715589745,21.29232474423077,80.78599277641025,32.02577932376923
2022,5,Andhra Pradesh,28.63161006620072,0.6019646262222222,8.871017200523298,20.49031088365592,72.84558963354839,32.80247631935483
2022,5,Arunachal Pradesh,28.724803606774195,0.3023723825806451,49.14550703612903,21.82833625512903,42.40258125225806,18.71569969806452
2022,5,Assam,23.709926769892476,0.6690668258207885,16.446721102616486,7.900414084960575,107.26830446774194,54.50735517652329
2022,5,Bihar,42.245906506340376,0.7504781379777531,7.34941728690545,30.89827504667408,139.24812361568408,52.49040271481646
2022,5,Chandigarh,78.96494623655914,0.8537634408602152,15.406989247311827,44.4341935483871,139.73731182795697,59.77559139784946
2022,5,Chhattisgarh,17.55797226,0.7075160748870968,10.899291489919356,32.71470502301075,58.92661372,40.24726359731183
2022,5,Delhi,49.01408679466667,1.263515758612903,13.04230114211828,38.00984860951613,246.34521106827955,80.97247523548387
2022,5,Gujarat,14.969974408660049,0.7187877192258064,14.3954217698263,18.34472437598015,132.80243126153846,67.80689019163772
2022,5,Haryana,33.0046316684432,0.7322609120406731,11.674843478653576,21.937001761009817,196.6113037387097,79.38859030147265
2022,5,Himachal Pradesh,48.90096774193549,0.5541935483870968,26.727741935483877,14.05,169.10548387096776,57.28806451612903
2022,5,Jammu and Kashmir,12.708038526290322,0.2474545643870967,22.814943886129036,19.996129032258064,57.476451612903226,22.618709677419357
2022,5,Jharkhand,46.68387324,4.986901408,14.86428571,14.24147887,105.8316484,82.60571429
2022,5,Karnataka,23.46739048819125,0.6079721150829492,12.927148759815667,16.871145711981566,66.66734785599078,27.230326172995397
2022,5,Kerala,20.79501489990784,0.8178413685714286,4.7231259311935485,15.922053048387095,60.27067312663595,31.52868091723502
2022,5,Madhya Pradesh,49.78606622976702,0.8367642233584229,17.458005388387097,29.744570329372763,149.39056524336917,49.41026342191756
2022,5,Maharashtra,28.119876122639297,0.9335903399770284,16.50463903487781,28.074806907927663,114.87108009286412,43.64953200956012
2022,5,Meghalaya ,9.69744835083871,0.5613333333225806,5.724030465935483,24.06504955838709,43.59293444354839,23.6113684
2022,5,Nagaland,11.5,0.3477419354838709,38.51387096774194,2.681290322580645,66.56193548387097,25.287741935483872
2022,5,Odisha,38.92412002,0.606495381,8.730087159,19.03920359,134.1505236,60.51482899
2022,5,Puducherry,32.57225806451613,0.4632258064516129,15.18774193548387,8.34483870967742,53.42451612903226,21.096129032258062
2022,5,Punjab,44.42979888129032,0.8512903225806452,12.282580645161293,26.123602150537632,135.29758064516128,58.77327956989247
2022,5,Rajasthan,43.056404828887096,0.7378609780290323,9.886387814179033,29.013183975967745,129.04236584790323,53.18695808961291
2022,5,Sikkim,29.94967741935484,0.2929032258064516,5.657741935483871,5.356129032258064,26.23885645935484,14.62615144516129
2022,5,Tamil Nadu,19.61377703129032,0.892163277516129,14.380591385685484,15.069652566068548,62.624511164475805,28.572442399758064
2022,5,Telangana,25.2152787272043,0.6085745355215053,8.306300010032258,19.38303905924731,87.13782649279571,36.44244059688173
2022,5,Tripura,6.122258064516129,0.5841935483870968,11.204516129032257,6.779677419354838,58.86642789354839,22.45225806451613
2022,5,Uttar Pradesh,43.824126640770245,0.8394625996846609,18.435206495187625,25.01427686991442,149.20305215167872,50.34435783784727
2022,5,Uttarakhand,18.6948,0.79012987,3.162631579,18.22220779,75.58415584000001,30.91714286
2022,5,West Bengal,39.3392050028536,0.5215464077022333,9.445209551066998,27.538566294665014,68.48898708610422,29.97065492870968
2022,6,Andhra Pradesh,24.73389666637037,0.6115104443999999,8.447071418725926,21.371970088,65.89544926562964,29.89003972944444
2022,6,Arunachal Pradesh,17.435839274333333,0.2977415204999999,21.97473249433333,12.720417270366664,33.79315726866667,17.098113308666665
2022,6,Assam,25.841202755555557,0.6641564315555555,16.05111656259259,7.859118983407407,104.84680387037037,53.41972315740741
2022,6,Bihar,37.35518157416092,0.8168855161597701,7.447892698777012,25.52830986335632,137.07160499183908,48.0541248728046
2022,6,Chandigarh,70.86454780488889,0.8693081632666666,12.62580314871111,39.40892753133333,131.13124768,52.41928021288889
2022,6,Chhattisgarh,17.55797226,0.7008200319111111,10.510793330555554,32.58774673516667,58.926613720000006,39.839389142222224
2022,6,Delhi,36.2690023968,1.0217596937866666,10.382607875644444,34.30815203044444,217.2054970583333,62.05570065633333
2022,6,Gujarat,15.787132656615384,0.9249711588102564,19.607389086076925,22.06176246328205,87.66869964205128,45.78988928469231
2022,6,Haryana,29.079124361579712,0.6380449839855072,10.519459649086956,19.381478260869564,174.87633601333332,66.99994571507246
2022,6,Himachal Pradesh,33.135,0.554,26.531333333333336,16.75433333333333,171.43566666666666,51.79266666666667
2022,6,Jammu and Kashmir,10.407333333333334,0.2113333333333333,30.40666666666667,19.956,74.88366666666667,18.377333333333336
2022,6,Jharkhand,46.68387324,4.986901408,14.86428571,14.24147887,105.8316484,82.60571429
2022,6,Karnataka,24.26761667142857,0.5752422254285714,11.149738299309524,15.609666029464286,54.04777224473809,21.524771516761906
2022,6,Kerala,25.069487043619045,0.4897057631619047,3.7560524785476193,18.638781277142854,49.80136017,29.73453437714285
2022,6,Madhya Pradesh,46.16536434357407,0.7712259602037037,15.594232071851854,27.09139472414815,113.5276977648148,42.11484130942593
2022,6,Maharashtra,26.324241042666667,0.9573188349419192,18.01387268862626,26.809481834156564,91.61992711888888,38.11813672237373
2022,6,Meghalaya ,5.699,0.4696666666666667,6.985333333333333,17.203333333333333,31.782,16.436333333333334
2022,6,Nagaland,10.575333333333331,0.3283333333333333,41.82233333333333,2.6926666666666668,60.967,22.877745962
2022,6,Odisha,38.92412002,0.606495381,8.730087159,19.03920359,134.1505236,60.51482899
2022,6,Puducherry,32.12133333333333,0.4233333333333333,18.302666666666664,8.184,45.59583862066667,16.46933333333333
2022,6,Punjab,46.525376532,0.6688888888888889,10.319833333333332,24.338444444444445,126.09266666666667,53.68094444444444
2022,6,Rajasthan,42.120478613416665,0.74177246365,10.048255889675,28.107815684166667,116.1368953725,48.46843133966667
2022,6,Sikkim,18.95433333333333,0.287,6.992999999999999,2.3063333333333333,24.533049382,8.988678246666666
2022,6,Tamil Nadu,18.64496189370833,0.9218494747083332,14.651154275416667,15.040457265833334,58.691887873125,27.173898676083336
2022,6,Telangana,29.36174333872222,0.5663680101722222,8.792475598266666,15.40200193161111,58.47326834872222,27.146526972361112
2022,6,Tripura,5.031666666666666,0.4703333333333333,14.120666666666668,6.205,43.080666666666666,14.025333333333332
2022,6,Uttar Pradesh,35.897688008482994,0.8269405757054421,17.919650543653063,23.9614716135034,144.8453517767347,44.94072500698639
2022,6,Uttarakhand,18.6948,0.79012987,3.162631579,18.22220779,75.58415584,30.91714286
2022,6,West Bengal,34.78568329297436,0.4976455183589743,8.548306279692309,19.372364658333336,59.61853846153846,24.373615384615384
2022,7,Andhra Pradesh,21.2520401737276,0.5969110484014336,8.395497487261649,20.06423273982079,60.8672034553405,27.205614995161287
2022,7,Arunachal Pradesh,14.672949827419355,0.2390945104838709,19.035835408064514,12.296136629193548,26.20223926774193,13.776560106451612
2022,7,Assam,26.69645006738351,0.637633134064516,16.93474977645161,7.810987561663083,104.34034747849464,52.02921897580645
2022,7,Bihar,28.384008257575083,0.7633297973581757,6.604031490420467,22.105672591390437,91.48231269254728,31.47975377012236
2022,7,Chandigarh,34.131075268817206,0.8105132762795698,5.433465412731183,26.43896212709677,48.26655913978495,25.04967741935484
2022,7,Chhattisgarh,17.55797226,0.7157096212688171,10.767722944623657,33.00252429741936,58.92661372,41.27198279247312
2022,7,Delhi,28.32552842804301,1.050019132587097,9.15053321076344,24.83026859983871,86.6991278935484,37.05880729849462
2022,7,Gujarat,17.139762671935483,0.7915865795334988,25.92676115094293,17.92006566878412,81.63440119602977,37.444845283970224
2022,7,Haryana,26.640053429032257,0.5745877791935484,12.197408998036464,16.51396615748948,81.52290342762973,33.949417303997194
2022,7,Himachal Pradesh,45.74774193548387,0.5358064516129032,21.216451612903228,12.495483870967742,88.18967741935484,28.848387096774196
2022,7,Jammu and Kashmir,9.244047291451611,0.2146818205483871,17.222062347419357,12.755755421935485,61.18904066096774,15.83974062451613
2022,7,Jharkhand,46.68387324,4.986901408,14.86428571,14.24147887,105.8316484,82.60571429
2022,7,Karnataka,19.209025157258065,0.5770918367096775,11.121406645391705,14.156382415207371,49.61518660524193,19.954571923594468
2022,7,Kerala,24.237138786359445,0.4655755466451613,4.153214146004608,14.865927524423965,51.601516872718896,30.636346089585253
2022,7,Madhya Pradesh,35.67503368853047,0.7360061053189964,15.13245408888889,26.001829619175627,78.3257722688172,31.840217057849465
2022,7,Maharashtra,25.458783715493645,0.9397513610982404,17.743009971730206,24.901979279907135,93.61800924379276,39.16468332099706
2022,7,Meghalaya ,3.659851395354839,0.5250967741290322,8.704182795612903,10.216748963225808,32.96965036451613,15.565278406451611
2022,7,Nagaland,10.806774193548389,0.264516129032258,42.013548387096776,2.717096774193549,42.332580645161286,14.032580645161293
2022,7,Odisha,38.92412002,0.606495381,8.730087159,19.03920359,134.1505236,60.51482899
2022,7,Puducherry,23.81903225806452,0.4470967741935484,16.497096774193547,9.256129032258064,44.70695083419355,18.131612903225808
2022,7,Punjab,26.45048387096774,0.5963978494623656,6.289784946236559,20.523978494623652,66.15811827956989,29.468225806451613
2022,7,Rajasthan,38.80461678545967,0.7348756894564517,10.265223631610484,26.64116030782258,101.87733569508065,42.228036447193546
2022,7,Sikkim,13.249032258064515,0.18,8.770967741935483,1.0116129032258063,18.88031916580645,8.223604419354839
2022,7,Tamil Nadu,17.020449657782258,0.9429704149314516,14.074392928145162,15.444942141995966,56.36008439181452,26.253803245423388
2022,7,Telangana,20.63032727282258,0.6748465625967742,5.8794597290860215,9.737166515403226,45.78093036134409,21.33610111129032
2022,7,Tripura,11.98428534483871,0.510042665967742,15.740745361612902,4.727736117419355,41.20672675483871,25.51261578451613
2022,7,Uttar Pradesh,22.20518570163924,0.6541515610882159,15.109651385720868,14.038367314285717,57.17800861816985,24.15778289897301
2022,7,Uttarakhand,18.6948,0.79012987,3.162631579,18.22220779,75.58415584000001,30.91714286
2022,7,West Bengal,23.56533703426799,0.4935385287543424,8.045834206650124,15.092199758064517,41.75535665310174,17.19397233960298
2022,8,Andhra Pradesh,21.14106768035842,0.5930371107383513,7.946896263913978,19.66897456078853,60.97624949189964,26.895526673476702
2022,8,Arunachal Pradesh,15.10130968935484,0.2479185059677419,19.16714889580645,11.410594319645162,34.62783713354839,17.488711417419356
2022,8,Assam,25.79143214623656,0.6342639584372759,17.48865658648745,7.8178692820931905,106.44278982437277,53.26811675716845
2022,8,Bihar,26.59254751314794,0.7734194579477197,6.917496247813125,24.84203539125695,78.28005204404894,31.94078568013348
2022,8,Chandigarh,29.63214303698925,0.6959240728602151,6.883895520258064,19.25240298731183,49.64023969032259,24.62145396946237
2022,8,Chhattisgarh,17.55797226,0.7144999438494624,10.807292837096774,33.10851432102151,58.84656905946236,41.304321502150536
2022,8,Delhi,27.042862534537637,0.9055181314021504,8.786993058107527,22.95512935,93.2225042376344,33.597000635161294
2022,8,Gujarat,21.338602226724568,0.6957070411116626,18.760699988461536,18.635223189578163,89.43516004913151,40.74613702121589
2022,8,Haryana,26.2359825012202,0.4816805826157083,9.364959299929874,15.973237930897616,84.21396723856942,32.20544102517531
2022,8,Himachal Pradesh,51.23827313129032,0.512805357032258,17.536354388064517,15.409144723548389,104.49733822580644,33.60802974709677
2022,8,Jammu and Kashmir,8.89258064516129,0.2093548387096774,26.07,10.996129032258064,43.13806451612904,18.74258064516129
2022,8,Jharkhand,46.68387324,4.986901408,14.86428571,14.24147887,105.8316484,82.60571429
2022,8,Karnataka,21.97188984331797,0.6628848866497696,11.720907965368664,13.797773805241937,46.85418972024193,19.979085591152074
2022,8,Kerala,22.748167185069125,0.424521464046083,3.51841756818894,14.235762908525349,49.13909392359447,30.17945314064516
2022,8,Madhya Pradesh,34.95933476379928,0.7927450176523297,15.40035731469534,25.646033278835127,83.38417728673835,32.20976403333333
2022,8,Maharashtra,26.24756946942326,0.8950547103191593,16.155161825923756,28.050582311480937,95.73528797605084,41.22882460106549
2022,8,Meghalaya ,3.504338528387097,0.4289247311290322,9.362732974838709,10.108473598387096,29.89061810645161,13.563484693548387
2022,8,Nagaland,10.922903225806452,0.2535483870967742,42.18903225806452,2.7229032258064514,46.70677419354839,13.941612903225806
2022,8,Odisha,38.92412002,0.606495381,8.730087159,19.03920359,134.1505236,60.51482899
2022,8,Puducherry,24.496129032258064,0.5345161290322581,10.785379043548389,8.903548387096773,40.892580645161296,13.97225806451613
2022,8,Punjab,26.773709677419355,0.6072043010752688,7.356451612903226,18.32826855172043,72.42225806451613,32.976344086021506
2022,8,Rajasthan,38.39362071250807,0.7144846045354839,9.77501891534516,26.2141665492742,104.52620862548386,43.26712927451613
2022,8,Sikkim,13.320645161290322,0.1848387096774193,10.266774193548386,0.9064516129032258,23.18309779677419,10.28394380967742
2022,8,Tamil Nadu,15.825774895282258,1.0053277810362904,14.793987251411291,15.764831243145162,54.66675731933468,24.16924606461693
2022,8,Telangana,18.08134224419355,0.6251601139139785,6.319549072056452,9.566075802903226,47.2254460498656,21.10381694448925
2022,8,Tripura,11.538387096774194,0.5470967741935484,19.698387096774194,6.081290322580646,45.97483870967742,31.73042799870968
2022,8,Uttar Pradesh,22.62794002703094,0.6344690130730744,15.787353374858458,12.848345388051348,61.72337493225807,23.85043308716261
2022,8,Uttarakhand,18.6948,0.79012987,3.162631579,18.22220779,75.58415584000001,30.91714286
2022,8,West Bengal,24.038700406401983,0.5139241939057072,8.11366972248139,13.874127174317618,48.5340580325062,20.806052218486357
2022,9,Andhra Pradesh,22.91974298222222,0.6090970909629629,8.073464016807407,19.694089914444444,58.749997208888885,26.820248644444444
2022,9,Arunachal Pradesh,14.440714821666669,0.2540643274999999,18.703363255,12.030007850166667,31.931980576666668,17.753778776666664
2022,9,Assam,24.56587072,0.637397854637037,16.36445940903704,7.5639456190814816,104.8582172462963,52.30693173703703
2022,9,Bihar,23.120517487724136,0.8798513440068966,7.433629334657471,24.09114345247126,73.28842744632183,32.12634060510345
2022,9,Chandigarh,30.810540054222223,0.9478385487555556,6.955050741866666,23.97985506266667,64.23116202666667,30.437893759111116
2022,9,Chhattisgarh,17.55797226,0.7023469538722222,10.870176513472222,32.690964204000004,56.924680888,40.24126464277778
2022,9,Delhi,27.77270915075556,0.9204134907911112,7.420462797922223,27.310837947166668,108.89755960666666,41.38779151422222
2022,9,Gujarat,22.874345997871792,0.7161093243076924,19.733346987230767,20.26199425538461,91.75855182820511,42.54265545461539
2022,9,Haryana,27.325063214884057,0.5360988518695652,10.6443773802029,15.606911359913044,98.61579458753624,38.456131482101455
2022,9,Himachal Pradesh,60.60966666666666,0.5543333333333333,22.918333333333333,16.519666666666666,111.17866666666669,41.669
2022,9,Jammu and Kashmir,8.567333333333332,0.2156666666666667,11.695,14.657875706666667,48.429,19.582
2022,9,Jharkhand,46.68387324,4.986901408,14.86428571,14.24147887,105.8316484,82.60571429
2022,9,Karnataka,21.844748557738097,0.6198867832619048,11.88285938209524,15.204845162380952,48.58197093701191,19.735586479809523
2022,9,Kerala,21.20446821909524,0.4114280648666666,4.334760351342857,13.146893263095238,52.21928708819048,32.02806241371429
2022,9,Madhya Pradesh,34.5225355492037,0.8010688560407407,14.959922291037037,25.371158101074077,89.66063966685185,35.518369117240745
2022,9,Maharashtra,26.5037457350202,0.9177385169525252,15.770037323636364,28.3703414135,92.24630653959596,40.68537181285858
2022,9,Meghalaya ,3.8748464418666666,0.5535999999333333,9.272322222133331,10.564307262,36.34324516166667,17.551787686666668
2022,9,Nagaland,10.794361772,0.3391892773333333,126.462931416,2.7354950773333333,53.45328564533334,19.616621635
2022,9,Odisha,38.92412002,0.606495381,8.730087159,19.03920359,134.1505236,60.51482899
2022,9,Puducherry,25.10666666666667,0.5193333333333333,12.313333333333333,9.253732053,47.06133333333333,16.313333333333336
2022,9,Punjab,32.90022222222222,0.6380555555555555,8.663555555555556,21.097055555555556,76.4625,32.244055555555555
2022,9,Rajasthan,39.12283694675,0.7252641303166666,10.084955889675,26.3157740175,105.9404453725,44.42241171656667
2022,9,Sikkim,14.71383511,0.2365579246666666,12.069231698666666,1.80002849,15.001947089333331,8.20503474
2022,9,Tamil Nadu,14.388698909083333,0.8832779132374999,16.773363984541668,14.750055140416666,59.7883017458125,23.63624077352084
2022,9,Telangana,17.994784529583335,0.6171204414166667,6.128324345597222,10.141141096444445,47.656583788527776,22.962432474222226
2022,9,Tripura,14.787666666666668,0.6786666666666666,21.36733333333333,5.806,47.226,30.321036310666667
2022,9,Uttar Pradesh,22.45567942531973,0.6793486579462585,16.389394557823127,15.177757357312924,68.74694354272108,29.02076431070068
2022,9,Uttarakhand,18.6948,0.79012987,3.162631579,18.22220779,75.58415584,30.91714286
2022,9,West Bengal,25.483389829410257,0.4972679524102564,8.001970335076923,15.095643551923075,58.9094300248718,25.381355706153848
2022,10,Andhra Pradesh,27.039635455340505,0.6560086799713262,9.952387075526882,20.80707051125448,68.17730545261648,34.78628807096774
2022,10,Arunachal Pradesh,13.004858076451614,0.2604991511290322,16.377794057096775,9.333497545451614,31.18609143870968,14.263872707741935
2022,10,Assam,20.499107420788533,0.5923170821505376,13.727080508207886,6.756445506207886,92.74433893727598,47.23582609498207
2022,10,Bihar,29.25806142313682,0.9594945907430478,9.293639568231368,31.81342576682981,130.88839275939932,62.47981672754172
2022,10,Chandigarh,37.91333333333333,1.0608602150537634,9.188387096774193,32.42365591397849,100.53720430107526,50.41
2022,10,Chhattisgarh,16.956165129946235,0.7187973072150539,11.74316318548387,30.65251797172043,65.03250238860215,48.42011614704301
2022,10,Delhi,31.151018061935485,1.2777552112344086,9.43892098723656,45.21734674494624,224.90495300376344,107.4856677252688
2022,10,Gujarat,20.065458892406948,0.799611532784119,23.211254243473945,25.150379720496275,110.09497875384616,54.7586455046402
2022,10,Haryana,26.29327830079944,0.8267028105119215,9.897062169635344,19.667418540210377,163.3100110654979,74.52800407791024
2022,10,Himachal Pradesh,93.74709677419354,0.5396774193548387,27.698064516129037,16.516129032258064,117.47612903225806,50.284516129032255
2022,10,Jammu and Kashmir,9.10648167967742,0.2954926733548387,31.27868799032258,23.476992892903223,99.3438877735484,50.12851350709678
2022,10,Jharkhand,46.68387324,4.986901408,14.86428571,14.24147887,105.8316484,82.60571429
2022,10,Karnataka,24.964978977822582,0.6472517163317972,12.79839988981567,15.965799570910136,63.05052583906682,29.749815055391707
2022,10,Kerala,22.032449255898616,0.5892054296129032,4.892369793036866,13.216565066129032,60.09625755751152,31.45337837271889
2022,10,Madhya Pradesh,37.10998194587813,0.9121178033548388,16.21649519326165,31.49527921620072,122.8817196548387,49.57039857845878
2022,10,Maharashtra,27.56700215467253,0.954853907175953,15.943438817087,28.384025615151515,103.05997124076244,45.545952867996085
2022,10,Meghalaya ,5.803747734451613,0.6362580643225806,9.278032257806451,13.114328706129031,39.66977523548388,19.48212040645161
2022,10,Nagaland,10.519442364193548,0.3169812767741935,85.71635089580646,2.760353885935484,55.13434330129032,20.267862251935487
2022,10,Odisha,38.92412002,0.606495381,8.730087159,19.03920359,134.1505236,60.51482899
2022,10,Puducherry,26.23709677419355,0.7743771163870968,12.136137130645162,14.914193548387098,60.112258064516126,36.37612903225807
2022,10,Punjab,30.69333333333333,0.9076881720430108,12.221344086021508,25.164946236559143,126.997311827957,60.16940860215054
2022,10,Rajasthan,41.062778075782255,0.7730934313919354,10.072449438062096,28.724200630403228,112.44561795314516,47.90752031816129
2022,10,Sikkim,17.306774193548385,0.1987096774193548,12.922258064516129,2.24,17.08729476,7.785806451612903
2022,10,Tamil Nadu,10.972087653951611,0.9525639063790324,18.09685664512097,16.051001924576614,67.83564035540321,32.45820700411291
2022,10,Telangana,17.64419078564516,0.6849982353870968,6.822813725177419,11.037823381774194,59.64166848115591,31.31414955034946
2022,10,Tripura,17.12465253064516,0.9211810717741936,26.78243648548387,8.888358006451613,78.55566413548387,56.87648042580645
2022,10,Uttar Pradesh,26.12458766905201,0.9542960761540488,17.669377029993417,27.29187183360764,138.0143410240948,67.35546826038184
2022,10,Uttarakhand,18.6948,0.79012987,3.162631579,18.22220779,75.58415584000001,30.91714286
2022,10,West Bengal,27.369037030347396,0.5675720239404467,9.434779512555831,19.135061912531015,76.34762424292803,35.166638775260544
2022,11,Andhra Pradesh,29.678659714703706,0.6803912773777778,10.294587555725927,25.114517920592597,86.45360214088889,46.31811522648148
2022,11,Arunachal Pradesh,13.054525953333332,0.2959777778333333,15.165119686666666,5.320364734,44.543588973333335,20.852781773333334
2022,11,Assam,19.623409931851853,0.6573845160296297,13.284378341333332,6.965820325422222,109.1936324462963,56.18033998888889
2022,11,Bihar,32.08961749356322,1.2407525259367818,10.112487550675862,44.97740220857471,271.08113033770115,147.04396410974712
2022,11,Chandigarh,36.22055555555556,1.2623333333333333,7.798444444444445,44.349927531333336,147.08544444444445,83.33566666666667
2022,11,Chhattisgarh,17.55797226,0.7199764391388889,10.947073428472224,33.11660101338889,58.90050305011111,41.87321728305555
2022,11,Delhi,28.631744444444443,1.6606350196822222,10.623278480133337,58.1974966995,324.08133333333336,186.5929904203333
2022,11,Gujarat,22.14323889720513,0.8625094203076923,25.708762995384618,30.06317316810256,121.60050447179488,68.38584785692308
2022,11,Haryana,26.55765452026087,1.178003965115942,10.646978545173914,22.41815885910145,213.01410304028985,112.15211778507246
2022,11,Himachal Pradesh,83.36766666666668,0.7076666666666667,38.17666666666666,25.997,169.14533333333333,82.89333333333335
2022,11,Jammu and Kashmir,8.378364402333334,0.2993424291333333,14.890928851333332,30.502561205333333,91.90968403266668,48.42979729066667
2022,11,Jharkhand,46.68387324,4.986901408,14.86428571,14.24147887,105.8316484,82.60571429
2022,11,Karnataka,27.051375711309525,0.6612179300095239,13.181662434238095,16.75167526559524,77.71455308529761,38.05307959095238
2022,11,Kerala,22.338922703285714,0.6254646582190476,6.222639262328571,13.904612797857144,71.44772570733333,42.910358695619045
2022,11,Madhya Pradesh,41.90344259394445,1.1492327840444445,17.512579925703704,41.57295329637037,168.09220742462963,76.17510385524074
2022,11,Maharashtra,30.486595533878788,1.0465827388272726,17.81836372432323,32.694149080297976,127.02335836424244,55.11769748976767
2022,11,Meghalaya ,8.545902621466666,0.6171777775666667,10.4571314812,15.041806329666668,49.16016129166667,21.528231426666668
2022,11,Nagaland,10.908847552666666,0.3290946386666666,69.004732854,2.792161744,58.231976156,24.002412628666665
2022,11,Odisha,42.603220397047615,0.6473700923285715,8.499736808909523,21.609787651,141.7185642304762,63.92050523480952
2022,11,Puducherry,35.019666666666666,0.6856666666666666,10.571575081666667,18.371,58.34433333333333,35.28733333333333
2022,11,Punjab,29.39916666666667,0.9361139526,13.306166666666668,33.06205555555555,165.8092777777778,84.48816666666667
2022,11,Rajasthan,41.58554528008333,0.8172307969833333,10.005314223008332,31.348715684166667,120.2411203725,51.19167300633334
2022,11,Sikkim,20.698666666666668,0.2526666666666666,14.035,3.907000000000001,33.675306878,16.16166666666667
2022,11,Tamil Nadu,13.31519930025,0.8500233791416666,20.5559202655,16.9860895243125,69.09857553708333,36.55016786541667
2022,11,Telangana,17.621541190861112,0.7751524738722223,8.245067919336112,15.558458471305554,89.00265206788889,46.04161629080555
2022,11,Tripura,13.213,1.4883333333333333,31.791,17.99866666666667,122.778,76.466
2022,11,Uttar Pradesh,25.98796727078231,1.2591565436095238,19.321991592319726,42.14407254829932,174.6826731389796,87.68506657102041
2022,11,Uttarakhand,18.6948,0.79012987,3.162631579,18.22220779,75.58415584,30.91714286
2022,11,West Bengal,34.20189433676923,0.937663141948718,15.246839090769232,29.51061816346154,171.27733071410256,85.78017867012821
2022,12,Andhra Pradesh,30.34843572663082,0.6698683248888889,9.395046584358424,26.14268366562724,81.04025552530466,44.38998060878136
2022,12,Arunachal Pradesh,4.550443018709677,0.3854940577419354,5.41874442516129,2.276847826,35.56920325032258,19.528388256774196
2022,12,Assam,19.22881757706093,0.9473516783512544,14.366600767455198,9.241374531612903,152.6884686953405,83.98063436200717
2022,12,Bihar,27.810592875328144,1.419527288329255,10.221997932066742,45.222340951802,338.6265651387097,201.2793305486318
2022,12,Chandigarh,29.655923996989248,1.3559199034623657,8.319028860129032,36.92769044795699,156.6403202752688,95.6633102051613
2022,12,Chhattisgarh,17.55797226,0.721384558,10.95072235,33.28609626,58.92661372,42.0941967
2022,12,Delhi,21.04521505376344,1.5165372639892474,8.327688172043011,52.22279250489248,308.0933548387097,183.82376344086023
2022,12,Gujarat,26.66197035866005,0.8662826770421836,26.00483478806452,27.910213440297767,114.35458591042185,64.85777966449132
2022,12,Haryana,28.49368503291725,1.201443343471248,9.892700318302946,22.59196271973352,179.90651930631137,94.55139385007011
2022,12,Himachal Pradesh,62.63612903225807,0.9738709677419356,49.88193548387097,34.28903225806452,237.7454838709677,138.19548387096776
2022,12,Jammu and Kashmir,8.665161290322581,0.2945161290322581,40.94631390580645,28.43032258064516,87.7874193548387,41.76709677419355
2022,12,Jharkhand,46.68387324,4.986901408,14.86428571,14.24147887,105.8316484,82.60571429
2022,12,Karnataka,25.37467647551843,0.6623746825760368,10.771542523870968,16.79236798467742,77.9316054165553,35.519767877695855
2022,12,Kerala,20.379262245483872,0.7167819509585254,5.83547766491705,17.823821376497698,73.26620175096774,42.58108854267281
2022,12,Madhya Pradesh,40.47595432232975,1.1125876290358423,16.81279682437276,41.51574609295699,169.54441593207886,83.4738033132079
2022,12,Maharashtra,30.398482032717496,1.0921362501608016,17.94784851927664,32.92580028975562,131.4802698449658,57.06452504471163
2022,12,Meghalaya ,7.641515041290322,0.5644731179677419,8.863657705677419,14.318050096451612,39.85819355,19.3056051
2022,12,Nagaland,10.81225806451613,0.4280645161290322,16.779354838709676,2.781935483870968,74.54735013032258,31.708064516129035
2022,12,Odisha,43.0692735486636,0.7957280680276498,9.69539291003226,22.501732801612903,165.00503269308757,78.59045925336406
2022,12,Puducherry,36.38387096774194,0.6834984851612903,11.130645161290325,14.158709677419356,63.71387096774194,39.65677419354839
2022,12,Punjab,25.112580645161287,0.8231182795698925,14.461666666666666,34.96182795698925,157.8412365591398,83.97091397849462
2022,12,Rajasthan,40.99801380506452,0.8012507335677419,10.340301173409678,30.790564831290325,118.95728120612904,50.78235233587097
2022,12,Sikkim,19.138387096774192,0.3516129032258064,15.00516129032258,3.53,52.81064516129032,32.49548947419355
2022,12,Tamil Nadu,12.093006321088708,0.7856592836169355,19.03464973576613,16.060295027157256,71.63351507965726,37.61183562205645
2022,12,Telangana,15.19754731704301,0.8106410438602151,7.7315115953064515,14.021399718763442,84.61849825263441,44.68637018830645
2022,12,Tripura,36.25483870967742,1.9648387096774191,36.63129032258065,24.228064516129034,220.3929032258065,131.59297350451612
2022,12,Uttar Pradesh,23.508846230750493,1.2248064274061885,18.81597991110599,39.026962900592494,163.38683904996708,84.15184268486504
2022,12,Uttarakhand,18.6948,0.79012987,3.162631579,18.22220779,75.58415584000001,30.91714286
2022,12,West Bengal,32.99188135734492,1.0690074441687345,14.438387096774196,28.065657201612904,219.48975186104215,115.45687344913152
2023,1,Andhra Pradesh,32.292168937383515,0.7360298582795699,6.745450333369176,26.81083405057348,90.79408236544803,50.122348768279565
2023,1,Arunachal Pradesh,2.230470253548387,0.502799094516129,2.7603341632258065,1.445615942,48.146186029677416,28.009785332903224
2023,1,Assam,21.65378738637993,1.2603525545376344,17.884702836308247,15.15707117083871,212.0322096111111,125.40202871863798
2023,1,Bihar,25.860356189454947,1.2454741648008898,10.738089614522805,33.45404859381535,310.77864125083426,181.06105400551724
2023,1,Chandigarh,22.561785470967745,1.209297783655914,8.05769535139785,32.19117802580645,168.5530733763441,108.70649874408602
2023,1,Chhattisgarh,20.3445265161828,0.9819412612849464,13.450658329569892,39.54588091612904,83.60935283989247,58.5781917811828
2023,1,Delhi,17.72600309264516,1.3245396367784943,8.838257451666667,43.95982476295699,296.5629235924731,186.0489249429032
2023,1,Gujarat,18.63090341602977,0.7270858575880893,18.060601972605458,19.075519193548388,125.06486632208436,67.92831991153847
2023,1,Haryana,27.754956387643755,1.113357194460028,9.260141903253858,22.160754647826085,169.44775060925667,90.61156495014023
2023,1,Himachal Pradesh,46.51459146290322,0.9737042045161288,40.46532032741935,19.73271398741936,234.1883040322581,135.02272938064513
2023,1,Jammu and Kashmir,8.297513632096774,0.3099135299677419,19.68196096322581,14.947823948387098,62.08788478483871,23.028171261935487
2023,1,Jharkhand,46.68387324,4.986901408,14.86428571,14.24147887,105.8316484,82.60571429
2023,1,Karnataka,28.081663747407838,0.6867607918617512,10.214542569193547,16.84422178548387,86.8268338041705,40.78079243668203
2023,1,Kerala,21.5373409081106,0.7381969397419356,7.8013606708940095,18.85077990184332,87.95504967723502,49.42514384221198
2023,1,Madhya Pradesh,37.72272044471326,1.0654843028172043,18.208632118637997,39.21766778969534,166.66415265716847,82.00177457111111
2023,1,Maharashtra,32.50882111382209,1.1036906307463343,18.543342850889545,33.764945442668626,131.22196095826,58.54197848031281
2023,1,Meghalaya ,7.780898876,0.541333333,8.514944444,14.25653631,39.85819355,19.3056051
2023,1,Nagaland,12.36483870967742,0.4554838709677419,18.64322580645161,2.887741935483871,89.34012667806452,43.58387096774193
2023,1,Odisha,46.469300645345626,0.8331635731843318,9.335947110387098,25.951686718663595,171.6408367317972,98.18421580179724
2023,1,Puducherry,41.64741935483871,0.6519354838709678,7.38979034516129,17.181290322580644,71.61548387096774,42.23129032258065
2023,1,Punjab,27.846236559139783,0.7870967741935484,14.921021505376345,24.26505376344086,136.24505376344084,77.29247311827957
2023,1,Rajasthan,42.04087691870968,0.7775383091612903,10.45811176283871,29.429657187096776,118.98578934193549,51.56567308645162
2023,1,Sikkim,23.45451612903226,0.4338709677419354,16.537419354838708,2.621935483870968,52.3911879148387,44.79032258064516
2023,1,Tamil Nadu,15.841369453548388,0.7688837184637096,17.830637638991934,17.04716270929435,80.09751763469758,41.34768229681452
2023,1,Telangana,17.4338496991129,0.7919170432741935,8.130633511658603,13.587703882768816,92.96685527922044,47.7544718711828
2023,1,Tripura,53.74258064516129,1.9064516129032256,42.48645161290322,26.32677419354839,246.96474383225808,127.9928554335484
2023,1,Uttar Pradesh,19.7134283057077,1.1560787718301515,19.48445414368664,32.9552161441738,153.67076861059908,81.35479018269915
2023,1,Uttarakhand,18.6948,0.79012987,3.162631579,18.22220779,75.58415584000001,30.91714286
2023,1,West Bengal,33.1939687237469,1.008068114501241,11.939004710074444,24.801160508064516,194.22552650818855,104.4289525373201
2023,2,Andhra Pradesh,42.522371773174605,0.7463500283809523,8.204474653619048,28.732201638015876,94.98201974158732,50.86975094365079
2023,2,Arunachal Pradesh,2.9959595282142857,0.4449423558928571,3.637519235357143,1.7191479036785715,49.15420179928572,28.442143499285717
2023,2,Assam,27.12044158095238,0.8230694145714286,15.257070461666666,16.873622689968254,196.40861032936508,101.6179287470238
2023,2,Bihar,30.458159822068964,1.0866795049901476,10.631759383960592,40.0222779382266,255.73583271120688,126.16478477593596
2023,2,Chandigarh,44.76535714285714,1.0760714285714286,10.637976190476191,40.08273809523809,156.06464285714287,82.27154761904762
2023,2,Chhattisgarh,18.50321304732143,0.880984429672619,13.793123186160717,40.21389658148809,74.92836073154761,54.70775458511904
2023,2,Delhi,27.52126828514286,1.269597455004762,9.13970238095238,46.46079089833333,249.3770469886905,121.13590499630952
2023,2,Gujarat,17.106901204203297,1.11135335410989,14.984976463131868,21.151804224505494,150.224902728022,82.74822559912087
2023,2,Haryana,27.72050798501553,0.8505223844409937,11.15785897052795,21.474157281770182,156.01987424968942,69.75715187802794
2023,2,Himachal Pradesh,76.54464285714286,0.5414285714285715,51.31321428571429,24.565357142857145,168.72321428571428,77.61785714285715
2023,2,Jammu and Kashmir,8.2875,0.2882142857142857,8.818571428571428,14.998418080000002,53.17714285714286,21.188214285714285
2023,2,Jharkhand,46.43216800857142,4.761408450285714,14.890051016428572,16.741730379285716,114.43795922857144,83.42994898357142
2023,2,Karnataka,30.21446108322704,0.6608491253520408,10.468189071377552,19.21039246779337,94.47201035697704,44.39169851153061
2023,2,Kerala,22.157868298112245,0.7609178246020407,6.28815035552551,15.386754377806124,86.23494470091838,45.56565074122449
2023,2,Madhya Pradesh,43.73587944660714,1.2449993215753967,16.677798865079367,34.92545803609127,150.40267163373017,55.11068587440476
2023,2,Maharashtra,31.39483735150433,1.169824414349567,19.005608811060604,35.07735474622835,132.77707806699132,55.95640316219696
2023,2,Meghalaya ,7.780898876,0.541333333,8.514944444,14.25653631,39.85819355,19.3056051
2023,2,Nagaland,14.467954046071428,0.462014985,21.06646402892857,2.9046775165714287,111.47552294071428,61.84834749321429
2023,2,Odisha,42.270918367346944,0.6109183673469387,12.369695211617348,23.90210448459184,162.2072448979592,64.62816326530613
2023,2,Puducherry,35.715,0.5853571428571429,8.914642857142857,15.42607142857143,62.71571428571429,33.21892857142857
2023,2,Punjab,31.310892857142854,0.7613095238095239,15.475297619047618,22.88309523809524,122.4657142857143,62.66458333333333
2023,2,Rajasthan,43.011206474937495,0.8250024994035714,10.105321007548214,31.31066999919643,126.21476249964287,51.99521323746429
2023,2,Sikkim,25.85911285357143,0.4157219007142857,18.93753046,2.9890201464285715,67.77719576642858,39.81790677142857
2023,2,Tamil Nadu,16.032075481517857,0.8336755904375001,18.62420328276786,20.0743278009375,81.98508226279019,39.6838068035491
2023,2,Telangana,18.247222966607143,0.9125536627738094,10.311409137443452,16.57177364205357,101.16420044636904,46.91490372636905
2023,2,Tripura,18.27607142857143,1.3803571428571428,47.16142857142857,21.999642857142856,231.88662815,135.34570728142856
2023,2,Uttar Pradesh,25.702065028250725,0.9945852212303208,21.429412981523324,36.58216714165452,128.02612282193877,55.24367190918368
2023,2,Uttarakhand,20.462414285714285,0.9850556585714284,4.487199248142857,24.33308905285714,103.82999536,45.681275511428574
2023,2,West Bengal,33.22657287791208,0.8576178579340659,13.638895044835166,25.699099225961536,144.47937025879122,67.29207622274726
2023,3,Andhra Pradesh,30.32798039519713,0.7658435932473119,8.04179974409319,26.51729898580645,88.5405615353405,43.88683657329749
2023,3,Arunachal Pradesh,1.692331900967742,0.3876898698387097,2.1500057912903228,1.2755499064838711,44.33191668709677,21.773441053548385
2023,3,Assam,31.72601108530466,0.7286442517419355,16.940766733978492,15.80322929255914,157.2281050752688,74.22651871505377
2023,3,Bihar,32.82769756080089,0.9583287164671858,10.221460590060069,37.59670713239155,194.1279731461624,84.81171884100112
2023,3,Chandigarh,46.16612903225806,0.8525806451612904,9.356236559139784,33.72387096774194,107.40537634408602,54.74655913978495
2023,3,Chhattisgarh,17.688999179731184,0.8103097584354839,12.118435338306451,39.761559715,63.27043750247312,46.11426220591397
2023,3,Delhi,30.677972380903228,1.076517020144086,10.266892539967742,34.94860885634409,180.31040404731183,80.13817416021506
2023,3,Gujarat,15.637557957766749,0.769273041866005,13.44433307674938,22.0404505146402,116.14199840818858,62.4397372657072
2023,3,Haryana,28.465282173632534,0.7387760999999999,11.18666657713885,20.252154456942492,118.36778526690044,50.45361008232819
2023,3,Himachal Pradesh,79.6416129032258,0.4503225806451613,32.94387096774194,17.948387096774194,112.6432258064516,46.196451612903225
2023,3,Jammu and Kashmir,6.772171941129033,0.2953445866129032,14.974461911290325,10.661594678709678,67.79099295064516,27.55728638967742
2023,3,Jharkhand,60.4501249432258,2.061190368,8.281382488064517,23.66101544741936,132.17160583225808,88.0752073735484
2023,3,Karnataka,29.077775593894007,0.6127969528709677,11.113671646774192,16.832510446198157,79.47524259773041,35.626632663870964
2023,3,Kerala,23.77073325640553,0.8452665486451614,9.62602520591244,14.719245496774194,79.11768679373272,41.31676083612903
2023,3,Madhya Pradesh,52.77209712516129,1.0117697824551972,17.67563872437276,27.678393830537637,114.91199287383512,48.97979690575269
2023,3,Maharashtra,28.97951259949169,1.0437485196456502,19.6852965685435,30.660181248739004,117.90779673538611,49.36218893495601
2023,3,Meghalaya ,7.780898876,0.541333333,8.514944444,14.25653631,39.85819355,19.3056051
2023,3,Nagaland,14.388064516129033,0.4748387096774193,22.20870967741936,2.801935483870968,109.43722345225808,62.66548387096775
2023,3,Odisha,43.00373271889401,0.6148387096774193,9.315807254921658,22.966125775760368,162.37954158341014,73.24087557603687
2023,3,Puducherry,29.49741935483871,0.5358064516129032,7.536774193548387,9.862580645161293,48.233870967741936,22.553870967741933
2023,3,Punjab,31.321162881505373,0.6246291555698925,12.06099881623656,23.144935218387097,97.0212910123656,45.72987410043011
2023,3,Rajasthan,51.02734252800806,0.7246489488177419,9.27924381425242,26.04750042362903,111.84536433774194,43.05104024870968
2023,3,Sikkim,37.40475892419355,0.410753834516129,21.59366049935484,4.162594430645161,52.67558286387096,25.3777643483871
2023,3,Tamil Nadu,14.26660416153226,0.8609907796935484,18.07717385185484,15.91721319860887,62.31809861907258,29.684396039637097
2023,3,Telangana,19.85987580905914,0.7711272676451613,9.194814937438172,14.492393274247313,91.37921267919354,42.697462053817205
2023,3,Tripura,14.468709677419351,0.9841935483870968,51.553225806451614,15.016129032258064,187.45483870967743,119.08935483870968
2023,3,Uttar Pradesh,29.379762945404877,0.8460344866965108,22.492425681797236,28.301757727188942,102.32464681823568,42.66949426537196
2023,3,Uttarakhand,24.102567741935484,0.8432341851612903,2.272750424451613,21.027561792903228,86.0693003767742,38.36594470064516
2023,3,West Bengal,34.896526328138954,0.7039033530918114,13.57377465330025,27.381061252481388,106.7555303503722,49.366136427593055
2023,4,Andhra Pradesh,32.24545363788889,0.7209284194222222,8.854258301162963,20.78438086696296,84.25518615318518,40.473817276296295
2023,4,Arunachal Pradesh,7.19909631,0.3414619883333333,8.478059843333334,3.3023490336666668,40.53282393533333,20.877446642
2023,4,Assam,35.87936197037037,0.7066651002222222,16.327880127814815,13.541453450222225,142.4452693722222,65.10125201574074
2023,4,Bihar,40.09754201268965,1.0656681312137932,12.192196244156325,33.591683742540226,209.44941133149428,74.80285448422988
2023,4,Chandigarh,58.814,0.8716666666666667,13.184333333333331,34.68977777777778,103.53888888888888,38.11055555555556
2023,4,Chhattisgarh,18.951405016166667,0.7248602552944444,10.302377163333333,36.26300876422222,57.114404613,41.61266493583334
2023,4,Delhi,37.79038888888888,1.103579846893333,12.047077777777778,39.53073784344445,205.9297222222222,72.32154444444444
2023,4,Gujarat,14.348202056564102,0.8880168806564102,14.952036209871794,20.05403627579487,111.38833843666666,53.66970140505128
2023,4,Haryana,28.036745340144925,0.6610937260652174,11.168916644666668,21.66058466269565,140.15191488550724,54.81732566862319
2023,4,Himachal Pradesh,99.192,0.4596666666666666,28.44233333333333,17.170666666666666,112.506,33.73833333333333
2023,4,Jammu and Kashmir,6.814093207,0.3013606207333333,13.037906441333332,14.114787194666668,72.34538543133334,32.84205853866667
2023,4,Jharkhand,59.85164554,3.114816901333333,13.194619046333337,27.786913145000003,105.8316484,112.91461904833334
2023,4,Karnataka,29.70389017946429,0.6104198250666667,11.51516123357143,15.457867949880953,69.6918557324762,30.140124205809524
2023,4,Kerala,20.847343303333336,0.6389207938857143,9.407188146061904,13.922438068809525,65.87149435333333,29.46301790019048
2023,4,Madhya Pradesh,56.0511893490926,1.0417243811037036,17.078326681851852,28.076603349203705,118.73310530462965,41.181705834666666
2023,4,Maharashtra,29.566530606373732,0.9997942051737374,18.702662282020203,28.001876890959597,107.58462816737374,44.13150508657576
2023,4,Meghalaya ,7.780898876,0.541333333,8.514944444,14.25653631,39.85819355,19.3056051
2023,4,Nagaland,17.406333333333336,0.3843333333333333,25.258333333333333,3.004,99.18233333333332,44.34066666666667
2023,4,Odisha,39.32619047619048,0.5636190476190476,9.041476605519048,16.161068691095238,145.81815781714286,62.20209523809524
2023,4,Puducherry,23.85933333333333,0.479,7.142,6.857,43.333333333333336,19.941333333333333
2023,4,Punjab,36.966,0.6757222222222222,14.09172222222222,24.42611111111111,107.13666666666666,46.96144444444444
2023,4,Rajasthan,57.31356238886666,0.7078923834833334,8.822054144758335,26.349080932416665,119.38002065366668,39.79400513066666
2023,4,Sikkim,44.16766666666667,0.3953333333333333,25.789,3.502,40.18420458533333,11.562
2023,4,Tamil Nadu,13.441089237083332,0.9555505904375,20.49638139725,17.400631368895834,55.21181494685416,26.997667677041665
2023,4,Telangana,18.65828167475,0.6934933140777778,9.296815194947222,11.893947479833331,87.83171796288889,42.02074320947222
2023,4,Tripura,23.655,0.7766666666666667,57.269,15.209333333333332,148.13430882333333,94.53933333333332
2023,4,Uttar Pradesh,35.78155697634014,0.841988579929932,22.0256194305034,31.96733559809524,120.7087578337415,41.078500875863945
2023,4,Uttarakhand,18.6948,0.79012987,3.162631579,18.22220779,75.58415584,30.91714286
2023,4,West Bengal,42.299458439333335,0.6833041675897437,13.26606986,23.32796273846154,99.53068968846154,44.19453764448718
2023,5,Andhra Pradesh,31.5052543081362,0.6971328021075269,9.173680656551973,22.07245807215054,67.53679533878136,32.82788649569893
2023,5,Arunachal Pradesh,9.299743387741936,0.2170028296774193,10.88137140064516,4.042214819806452,39.0778183367742,18.707207007741932
2023,5,Assam,35.730721427956986,0.5470812245448029,13.48964787218638,11.084094736774194,101.6640291935484,49.52290483602151
2023,5,Bihar,44.177634032169074,1.085463041330367,11.654231305539488,30.03057824573971,158.17068916051167,57.26436418384872
2023,5,Chandigarh,62.78569892473118,0.9411827956989248,11.2030353052043,36.83483870967742,105.91161290322582,46.30720430107527
2023,5,Chhattisgarh,19.85477912247312,0.6832518599623656,11.085906514784943,34.07214133752688,56.44030352086021,44.46713326236559
2023,5,Delhi,39.32005495896775,1.1041080475741936,10.246600991688172,38.24522527134408,194.9649688155914,70.01872381763441
2023,5,Gujarat,16.834097905583125,0.6677857565856079,15.817400878833746,20.65932270272953,96.4136552406948,45.742558477468975
2023,5,Haryana,31.318949041276294,0.6874538229382889,10.92984755652174,21.105916209691447,129.03189916325385,52.3710309772791
2023,5,Himachal Pradesh,112.1644021635484,0.4928053570322581,27.37216083967742,16.433338271935483,103.03282209677418,34.038997489032255
2023,5,Jammu and Kashmir,6.131935483870968,0.2977419354838709,10.25741935483871,14.175483870967742,99.05548387096772,43.04032258064516
2023,5,Jharkhand,61.01548387096774,5.505806451612903,11.280046081290322,9.73967741935484,107.2345125935484,89.82940092290322
2023,5,Karnataka,28.59075293605991,0.6350971033502304,11.336548990138247,15.994941852937789,57.17121547210829,22.622985683502304
2023,5,Kerala,21.321179084746543,0.6415173344884793,11.318236435824884,11.897347507834102,62.98575197465438,26.096546784147463
2023,5,Madhya Pradesh,57.00885090482079,0.9403735645376344,17.44900941247312,26.738671224749105,108.9595444876344,37.98539017704301
2023,5,Maharashtra,29.506066277380253,0.9115000438636364,18.89286206455523,27.921202112258065,97.9065578514174,40.680947469648096
2023,5,Meghalaya ,7.780898876,0.541333333,8.514944444,14.25653631,39.85819355,19.3056051
2023,5,Nagaland,14.784193548387098,0.3119354838709677,27.80903225806452,2.92,67.30576030193549,30.79516129032258
2023,5,Odisha,39.29806451612903,0.5203985962258064,5.981428571428571,13.50491986529954,106.76949550046082,41.69707294465438
2023,5,Puducherry,38.73967741935484,0.4493548387096774,11.46935483870968,7.928387096774194,49.98741935483871,21.538387096774198
2023,5,Punjab,41.75005376344086,0.6660215053763441,13.788817204301074,26.20881720430108,105.76854838709676,43.913440860215054
2023,5,Rajasthan,58.92104000578225,0.6806066031612903,7.768674252612903,23.828512356129032,114.50606034346774,35.99462794009678
2023,5,Sikkim,33.465806451612906,0.2851612903225806,28.96322580645161,3.24741935483871,21.34193548387097,7.966490835483872
2023,5,Tamil Nadu,14.602608040967745,0.8450175513387097,23.267482289637098,18.609881536774196,54.726496335403226,27.38087775360887
2023,5,Telangana,22.5668225191129,0.7888191751774193,9.504295802258063,13.519561658951613,85.78440173225806,38.25873975306452
2023,5,Tripura,19.036774193548386,0.5441935483870968,67.45774193548387,16.687419354838706,95.33075426774194,62.82935483870968
2023,5,Uttar Pradesh,37.0564888804345,0.8054111639809085,20.37266837483871,26.41619924947334,114.7186056753127,40.447316868117184
2023,5,Uttarakhand,18.6948,0.79012987,3.162631579,18.22220779,75.58415584000001,30.91714286
2023,5,West Bengal,36.16940146734491,0.5017229539255583,10.972691044168734,17.055070224565757,69.54469174739454,30.562043716178657
2023,6,Andhra Pradesh,25.494738598925927,0.6069261177333334,7.885395937696296,21.07587334122222,63.74266002237037,25.23344505981481
2023,6,Arunachal Pradesh,3.0648955596666667,0.2658385965,3.750351286333333,1.8535380434333333,33.266588346,17.749667266
2023,6,Assam,23.366064376296297,0.4847762113333333,12.505895393851851,9.668197793274071,93.80979836851851,34.65277526944445
2023,6,Bihar,39.121029873379314,1.1230298525528737,12.2766890724046,23.95214915445977,151.16701806528738,47.06885448422988
2023,6,Chandigarh,57.396,0.8194444444444444,9.11188888888889,23.26166666666667,84.78122222222223,30.934666666666665
2023,6,Chhattisgarh,17.86240424561111,0.5899628186,7.955774078333333,31.89843152122222,47.061830244777774,38.275959835
2023,6,Delhi,30.91489484391111,1.0515020691155554,8.135822360377778,29.351997909111116,141.74668594722223,47.20926710422222
2023,6,Gujarat,20.15193054333333,0.6800023200820513,11.342026784846157,14.970796118871796,75.88511865923077,35.869742695615386
2023,6,Haryana,34.43712960544928,0.5998301900869566,10.43346661115942,19.107181110347824,114.40304259782609,43.03208825543478
2023,6,Himachal Pradesh,83.22766666666666,0.5226666666666666,22.379666666666665,15.489666666666666,100.437,34.46366666666667
2023,6,Jammu and Kashmir,6.313182201166667,0.2938378812333333,9.587464425666669,14.412175141333334,76.01434201633333,28.597731978666665
2023,6,Jharkhand,31.256,6.572666666666667,16.803761902333335,3.7963333333333336,88.67399999999999,68.08180952466667
2023,6,Karnataka,23.586950710119044,0.7430612244809525,10.196778408119048,13.16556707547619,52.235913048916665,19.301813198571427
2023,6,Kerala,21.292908085238096,0.6526355861619048,7.623665889957143,11.213674540238095,53.7162864012381,23.808449706666664
2023,6,Madhya Pradesh,48.19934326161111,0.7734915169370371,15.659501508296298,18.50621192805556,93.50203569962964,32.95472499848148
2023,6,Maharashtra,29.44875637420202,0.825653824480303,15.29811394119192,22.66631363188889,87.79456610959596,32.63083654384849
2023,6,Meghalaya ,7.780898876,0.541333333,8.514944444,14.25653631,39.85819355,19.3056051
2023,6,Nagaland,13.566666666666666,0.3086666666666666,32.41566666666667,2.881333333333333,49.76928564533333,23.94033333333333
2023,6,Odisha,35.39097200009524,0.4545856702952381,7.741333748376189,12.648571428571428,99.29619546285714,38.92392775709524
2023,6,Puducherry,36.678,0.479,9.648666666666664,9.808666666666666,50.308,17.812333333333335
2023,6,Punjab,42.07083333333333,0.6517777777777778,12.0185,20.29138888888889,87.43211111111111,34.23277777777778
2023,6,Rajasthan,46.217704021308336,0.600943678505,6.136538438028333,16.54869699758333,99.47479295808331,31.355478189533333
2023,6,Sikkim,27.03325088833333,0.266445629,35.698115849333334,1.9293475783333331,19.124435626,8.74106948
2023,6,Tamil Nadu,12.930877365125,0.763755807,17.976924796125,16.414958155416667,50.16158196404167,23.738334103958334
2023,6,Telangana,21.396395640694443,0.6283426636388889,9.562639214716668,13.870099843694446,76.57386156630557,31.524965700166664
2023,6,Tripura,11.176666666666668,0.3823333333333333,32.31466666666667,8.337666666666667,75.51033333333334,57.426442265333336
2023,6,Uttar Pradesh,31.13618209680272,0.6941394962945578,18.705964843,23.974142838163264,100.16554559238097,34.42214526308163
2023,6,Uttarakhand,18.386306666666663,0.7637922076666667,3.128877193033333,17.875800863666665,74.88568397866666,30.22157143133333
2023,6,West Bengal,34.204084953564106,0.4857216670358974,8.609690895076923,18.387364658333333,59.807799476153846,26.97690752889744
2023,7,Andhra Pradesh,19.763644083620072,0.4479306135770609,7.990013404415771,18.67544620641577,43.2780029539785,18.760074066666665
2023,7,Arunachal Pradesh,5.971558433548386,0.2025908319354838,7.094562459354838,2.937947638967742,32.80990540903226,16.079141331612906
2023,7,Assam,15.563970365591398,0.6216550044301076,14.76589145422939,7.686709481175626,72.6140444032258,23.07522839247312
2023,7,Bihar,25.914497451879868,1.0096559168921024,10.808255244529477,18.396940783515017,78.67511580711903,29.634077546362622
2023,7,Chandigarh,33.06687421978494,0.8639541364946236,5.624648208430108,19.62251051419355,54.7950784,26.124576962150535
2023,7,Chhattisgarh,10.44853054295699,0.5115260515053763,5.632218197177419,20.72398956376344,27.6772000311828,21.60084919623656
2023,7,Delhi,23.69370701419355,1.0918332337870966,7.3697729566451615,26.30180834145161,102.27512281827956,46.24100098204301
2023,7,Gujarat,23.22203098945409,0.9396461406650124,13.01906240414392,15.803999118709676,70.16203271960298,34.40905762133995
2023,7,Haryana,35.88557576910239,0.635262114221599,11.304994638176716,18.364806314502104,77.87230431458624,31.84869767924264
2023,7,Himachal Pradesh,40.85677419354838,0.5270967741935484,24.431612903225805,16.13225806451613,74.41838709677418,30.75516129032258
2023,7,Jammu and Kashmir,6.076950517258065,0.2972624657096774,9.256901057096774,13.34478768,62.39194388677419,24.00993024
2023,7,Jharkhand,21.000552021935484,7.874461608258064,24.74705069,4.065172648064516,86.91956046451612,53.89225806548387
2023,7,Karnataka,20.73724038680876,0.5663138342764976,11.343847746152075,13.337823594124425,40.14894762728111,15.514236829032258
2023,7,Kerala,25.750735190552994,0.7357593882211981,5.539715041290322,9.87810866221198,52.81031485142857,24.215970204608293
2023,7,Madhya Pradesh,39.1422888003405,0.7243070145232975,13.863595432258066,17.681875743172046,63.6358496750896,24.82328278668459
2023,7,Maharashtra,20.810477158025414,0.6622306361309873,12.524358030048877,19.51240934048876,50.59342345767351,22.08868826690127
2023,7,Meghalaya ,6.725270025032258,0.5155913975806452,9.701406809677415,12.545271217741934,38.057136317741936,17.91276556774194
2023,7,Nagaland,11.235806451612904,0.2129032258064516,38.06483870967742,2.881612903225806,32.12451612903226,13.236129032258065
2023,7,Odisha,19.226969401198154,0.4132994540276498,6.912905234078341,12.361367808110598,54.73098221935484,23.112018192995397
2023,7,Puducherry,25.484516129032254,0.7012903225806452,8.987741935483871,10.05516129032258,50.04403737483872,15.051247842903226
2023,7,Punjab,34.847883311612904,0.6659277276344086,8.493143435053764,20.17221684607527,65.29387165752688,32.691218186451614
2023,7,Rajasthan,37.40030539951613,0.5742974106048387,5.401425751552419,13.396983067016128,88.58200959943548,32.740777566935485
2023,7,Sikkim,17.81677419354839,0.1735483870967742,42.68709677419355,0.9925944306451612,20.354263524516128,2.5464516129032257
2023,7,Tamil Nadu,11.980459531612905,0.795957588157258,17.008447538266132,14.276493727782258,48.065415259112896,20.32225884342742
2023,7,Telangana,18.517157071639787,0.4883961261021505,8.389166981983871,12.17630576626344,61.476542263978494,27.09954750373656
2023,7,Tripura,3.533548387096774,0.2938709677419354,22.498064516129038,6.681935483870968,48.10612903225806,32.83903225806451
2023,7,Uttar Pradesh,21.60178971913101,0.5954105821336405,15.763469611092823,17.43443712152732,59.11601582040816,26.900661057880185
2023,7,Uttarakhand,11.98901935483871,0.5864516129032258,2.8887945670645165,10.23258064516129,40.26258064516129,10.806129032258063
2023,7,West Bengal,23.816755925062036,0.4632866040694789,7.62947638114144,16.88135070719603,37.226168521091815,15.984413710669974
